{
    "00": {
        "mean_error": 3.736568408546221,
        "max_error": 8.862802301309918,
        "min_error": 0.0,
        "mse": 19.29502751914324,
        "rmse": 4.392610558556636,
        "fda": 8.780089432015107
    },
    "01": {
        "mean_error": 9.848391248739057,
        "max_error": 20.596193512109625,
        "min_error": 0.0,
        "mse": 121.66804821293196,
        "rmse": 11.030324030278166,
        "fda": 20.596193512109625
    },
    "02": {
        "mean_error": 52.50898316254564,
        "max_error": 159.58089115143102,
        "min_error": 0.0,
        "mse": 5526.3130143255,
        "rmse": 74.33917550205612,
        "fda": 159.58089115143102
    },
    "03": {
        "mean_error": 22.994769622699426,
        "max_error": 77.44902584937702,
        "min_error": 0.0,
        "mse": 999.6259947881474,
        "rmse": 31.616862507025385,
        "fda": 77.44902584937702
    },
    "04": {
        "mean_error": 7.1781218626477,
        "max_error": 20.5242845815572,
        "min_error": 0.0,
        "mse": 83.17952732509484,
        "rmse": 9.120281099017443,
        "fda": 20.5242845815572
    },
    "05": {
        "mean_error": 6.801567442134926,
        "max_error": 20.898729248458686,
        "min_error": 0.0,
        "mse": 70.65512016057616,
        "rmse": 8.405660007434047,
        "fda": 20.898729248458686
    },
    "06": {
        "mean_error": 24.460439295604747,
        "max_error": 89.21020772813145,
        "min_error": 0.0,
        "mse": 1022.3657290343228,
        "rmse": 31.974454319570846,
        "fda": 89.21020772813145
    },
    "07": {
        "mean_error": 24.632724515839914,
        "max_error": 66.72085831537514,
        "min_error": 0.0,
        "mse": 1087.8730429736445,
        "rmse": 32.98292047368827,
        "fda": 9.103450354745268
    },
    "08": {
        "mean_error": 5.944581771871432,
        "max_error": 19.842808629579988,
        "min_error": 0.0,
        "mse": 71.32255763938763,
        "rmse": 8.4452683580445,
        "fda": 19.842808629579988
    },
    "09": {
        "mean_error": 7.926338334569613,
        "max_error": 50.071267771502804,
        "min_error": 0.0,
        "mse": 184.01398446559648,
        "rmse": 13.565175430697403,
        "fda": 50.071267771502804
    },
    "10": {
        "mean_error": 8.63441100360423,
        "max_error": 34.23882288129181,
        "min_error": 0.0,
        "mse": 165.3437246116944,
        "rmse": 12.858605080322453,
        "fda": 34.23882288129181
    },
    "11": {
        "mean_error": 19.99049316487683,
        "max_error": 62.510269858175384,
        "min_error": 0.0,
        "mse": 787.4133283995736,
        "rmse": 28.060886094340884,
        "fda": 62.510269858175384
    },
    "12": {
        "mean_error": 10.539682794040878,
        "max_error": 25.333255218683636,
        "min_error": 0.0,
        "mse": 179.86768767661923,
        "rmse": 13.411475969356214,
        "fda": 25.328454762609393
    },
    "13": {
        "mean_error": 2.475636512265058,
        "max_error": 4.946473763384031,
        "min_error": 0.0,
        "mse": 8.30430269714254,
        "rmse": 2.8817187054156657,
        "fda": 0.056454924920183454
    },
    "14": {
        "mean_error": 2.9322101904543096,
        "max_error": 10.187455512998635,
        "min_error": 0.0,
        "mse": 18.807522017868152,
        "rmse": 4.336764003017475,
        "fda": 9.419865895839516
    },
    "15": {
        "mean_error": 1.3582067106949243,
        "max_error": 9.468418167478664,
        "min_error": 0.0,
        "mse": 3.990891928264901,
        "rmse": 1.9977216843857157,
        "fda": 9.468418167478664
    },
    "16": {
        "mean_error": 7.294656833904769,
        "max_error": 47.936140370624386,
        "min_error": 0.0,
        "mse": 204.20965854785868,
        "rmse": 14.290194489504287,
        "fda": 47.936140370624386
    },
    "17": {
        "mean_error": 10.968880659806857,
        "max_error": 45.51161772037854,
        "min_error": 0.0,
        "mse": 257.22431043462433,
        "rmse": 16.038214066242674,
        "fda": 45.51161772037854
    },
    "18": {
        "mean_error": 1.495031550700139,
        "max_error": 5.57351780911732,
        "min_error": 0.0,
        "mse": 4.675511808063765,
        "rmse": 2.1622931827260996,
        "fda": 4.837098577865969
    },
    "19": {
        "mean_error": 1.9996953076620543,
        "max_error": 7.042363650228651,
        "min_error": 0.0,
        "mse": 7.4627627265391,
        "rmse": 2.7318057629595667,
        "fda": 6.186867885380217
    },
    "20": {
        "mean_error": 9.777394585294589,
        "max_error": 26.25800430452835,
        "min_error": 0.0,
        "mse": 163.9085617874224,
        "rmse": 12.802677914695128,
        "fda": 26.25800430452835
    },
    "21": {
        "mean_error": 2.1788848478326117,
        "max_error": 7.81728260492841,
        "min_error": 0.0,
        "mse": 7.202338545922761,
        "rmse": 2.683717299926123,
        "fda": 7.81728260492841
    },
    "22": {
        "mean_error": 1.5816692427657326,
        "max_error": 7.7757449048931475,
        "min_error": 0.0,
        "mse": 5.783953719432817,
        "rmse": 2.4049851807096063,
        "fda": 6.863045047137774
    }
}